{"stats":{"minecraft:custom":{"minecraft:mob_kills":6,"minecraft:leave_game":5,"minecraft:time_since_death":125,"minecraft:time_since_rest":145,"minecraft:sprint_one_cm":5940,"minecraft:damage_taken":160,"minecraft:walk_one_cm":124593,"minecraft:drop":51,"minecraft:damage_dealt":359,"minecraft:deaths":1,"minecraft:fly_one_cm":437287,"minecraft:open_chest":4,"minecraft:crouch_one_cm":875,"minecraft:play_time":136671,"minecraft:sneak_time":4462,"minecraft:walk_under_water_one_cm":4808,"minecraft:jump":126,"minecraft:walk_on_water_one_cm":13555,"minecraft:total_world_time":136996},"minecraft:killed":{"minecraft:bat":1,"minecraft:creeper":2,"minecraft:skeleton":1,"minecraft:zombie":1,"minecraft:ghast":1},"minecraft:used":{"minecraft:azalea":2,"minecraft:calcite":107,"minecraft:oak_fence":9,"minecraft:nether_brick_fence":131,"minecraft:water_bucket":248,"minecraft:iron_ore":62,"minecraft:nether_brick_wall":66,"minecraft:diorite":205,"minecraft:pink_tulip":4,"minecraft:cow_spawn_egg":2,"minecraft:amethyst_block":74,"minecraft:redstone_ore":50,"minecraft:cactus":3,"minecraft:orange_tulip":6,"minecraft:blackstone":10,"minecraft:chest":2,"minecraft:nether_wart":8,"minecraft:stone":164,"minecraft:zombie_spawn_egg":1,"minecraft:wither_skeleton_spawn_egg":2,"minecraft:clay":183,"minecraft:sugar_cane":12,"minecraft:deepslate_gold_ore":7,"minecraft:diamond_axe":3,"minecraft:sheep_spawn_egg":2,"minecraft:grass":28,"minecraft:gold_ore":17,"minecraft:netherrack":117,"minecraft:bee_spawn_egg":2,"minecraft:torch":5,"minecraft:mossy_cobblestone":34,"minecraft:soul_sand":8,"minecraft:dirt":36,"minecraft:sand":93,"minecraft:tnt":25,"minecraft:nether_quartz_ore":130,"minecraft:nether_bricks":171,"minecraft:deepslate_redstone_ore":54,"minecraft:nether_brick_slab":18,"minecraft:bee_nest":1,"minecraft:raw_iron_block":2,"minecraft:dripstone_block":184,"minecraft:glow_lichen":4,"minecraft:granite":266,"minecraft:deepslate_lapis_ore":8,"minecraft:obsidian":62,"minecraft:nether_gold_ore":76,"minecraft:big_dripleaf":3,"minecraft:small_dripleaf":2,"minecraft:amethyst_cluster":13,"minecraft:ender_eye":2,"minecraft:flowering_azalea":1,"minecraft:lava_bucket":77,"minecraft:coal_ore":101,"minecraft:lantern":8,"minecraft:deepslate_copper_ore":3,"minecraft:deepslate_iron_ore":38,"minecraft:grass_block":258,"minecraft:copper_ore":54,"minecraft:birch_sapling":1,"minecraft:pig_spawn_egg":2,"minecraft:spawner":2,"minecraft:lapis_ore":13,"minecraft:warped_nylium":17,"minecraft:spore_blossom":1,"minecraft:spruce_trapdoor":2,"minecraft:smooth_basalt":258,"minecraft:budding_amethyst":10,"minecraft:fire_charge":10,"minecraft:stone_brick_stairs":1,"minecraft:deepslate":159,"minecraft:blaze_spawn_egg":1,"minecraft:glowstone":16,"minecraft:diamond_ore":30,"minecraft:gravel":42,"minecraft:spruce_sapling":1,"minecraft:crimson_nylium":15,"minecraft:stone_bricks":69,"minecraft:magma_cube_spawn_egg":2,"minecraft:golden_sword":3,"minecraft:bedrock":143,"minecraft:basalt":29,"minecraft:deepslate_diamond_ore":34,"minecraft:infested_mossy_stone_bricks":16,"minecraft:crimson_fungus":3,"minecraft:cobblestone":92,"minecraft:warped_fungus":3,"minecraft:soul_soil":18,"minecraft:oak_sapling":1,"minecraft:andesite":185,"minecraft:deepslate_coal_ore":14,"minecraft:chain":4,"minecraft:end_portal_frame":12,"minecraft:cobbled_deepslate":2,"minecraft:bone_meal":32,"minecraft:pointed_dripstone":17},"minecraft:picked_up":{"minecraft:red_mushroom":1,"minecraft:ice":1,"minecraft:gunpowder":5,"minecraft:bone":6,"minecraft:wheat_seeds":3,"minecraft:cobbled_deepslate":473,"minecraft:raw_iron":3,"minecraft:dandelion":5,"minecraft:sand":1,"minecraft:pointed_dripstone":1,"minecraft:arrow":9,"minecraft:rotten_flesh":2,"minecraft:cobblestone":76,"minecraft:oxeye_daisy":2},"minecraft:dropped":{"minecraft:water_bucket":2,"minecraft:clay":1,"minecraft:redstone_ore":2,"minecraft:diamond_axe":1,"minecraft:cobbled_deepslate":65,"minecraft:spore_blossom":1,"minecraft:deepslate":1,"minecraft:obsidian":1,"minecraft:pointed_dripstone":1,"minecraft:oak_fence":1,"minecraft:lantern":1,"minecraft:infested_mossy_stone_bricks":1,"minecraft:ender_eye":1,"minecraft:nether_brick_wall":1,"minecraft:glow_lichen":1,"minecraft:nether_brick_fence":1,"minecraft:diamond_ore":1,"minecraft:nether_bricks":1,"minecraft:red_mushroom":1,"minecraft:copper_ore":1,"minecraft:lava_bucket":4,"minecraft:big_dripleaf":1,"minecraft:grass":1,"minecraft:wither_skeleton_spawn_egg":1,"minecraft:ice":1,"minecraft:nether_gold_ore":1,"minecraft:glowstone":1,"minecraft:azalea":1,"minecraft:lapis_ore":1,"minecraft:end_portal_frame":1,"minecraft:golden_sword":1,"minecraft:fire_charge":2,"minecraft:small_dripleaf":1,"minecraft:stone_bricks":1,"minecraft:white_dye":1,"minecraft:flowering_azalea":1,"minecraft:sand":1,"minecraft:nether_quartz_ore":1,"minecraft:stone_brick_stairs":1,"minecraft:magma_cube_spawn_egg":1,"minecraft:netherrack":1,"minecraft:amethyst_cluster":1,"minecraft:bone":1}},"DataVersion":2975}